{
    "maxlon" : -19.259033,
    "minlon" : -19.414215,
    "maxlat" : 63.676115,
    "minlat" : 63.635284
}